0.018311679690963846,0.01305612321050257,0.04386951131000733,0
0.01902898023176458,0.015083082990145182,0.04588321948794163,0
0.01931991436085845,0.01699706592089519,0.04724296764475995,0
0.018447568470058514,0.013242531740469552,0.04392012938099136,0
0.015494666517288525,0.012539257009489291,0.0433568042104825,0
0.01965790757920784,0.016692816976998454,0.0470092630999304,0
0.018901072272152857,0.013511215962299039,0.04444161620188975,0
0.020862926643114534,0.013222673123530686,0.043987013199039963,0
0.020945987352463342,0.016145882700254854,0.04674196715715076,0
0.020705329065511813,0.011640593116115835,0.04215745139552346,0
0.022581665827765704,0.015079811520622325,0.04576821849338863,0
0.02358433576295056,0.012295099404955833,0.042999612960011604,0
0.017562826952607764,0.007247778827925653,0.03524854671317154,0
0.022463249600252384,0.016238945607281424,0.04671050025964237,0
0.022708943472530392,0.01147304285927545,0.04231454225972456,0
0.022751535644975437,0.01365845953677838,0.04438088050787358,0
0.023730815830593496,0.014615104728416444,0.045357470250639915,0
0.024759438374145615,0.008258502444590926,0.03804069093062981,0
0.019009848255985406,0.0034786860019657786,0.025702128130069658,0
0.02357983172445001,0.010391181841390078,0.04047863794120019,0
0.022242342996631113,0.006490960956351636,0.0351241524249443,0
0.01991095976743544,0.005394110430763234,0.03193911254483247,0
0.02271976941939897,0.009728749215506816,0.039408332282895246,0
0.025995599237756684,0.01412950618598015,0.04497097316938144,0
0.025518984419129264,0.011869687744341427,0.0424427487099319,0
0.02171899700727584,0.008864752648151694,0.03816456981630516,0
0.019795354456572815,0.005168034007934468,0.03190172018436139,0
0.02517061782405663,0.011087214474691333,0.041690198296382895,0
0.022946557640932026,0.006947248304059461,0.03596796032096058,0
0.022837113179698824,0.007123852018532765,0.035676828208425035,0
0.020768230991694198,0.0043009495973862204,0.028068648113109138,0
0.026687237135781916,0.012232512467359843,0.04329709323705879,0
0.023856625602588277,0.010463305154314356,0.040635487754391006,0
0.024864849689872726,0.01577137091969437,0.046309943676957,0
0.021641250772811177,0.012205660297513717,0.04301465230917839,0
0.01869678598105224,0.006708924978065199,0.034069404955592374,0
0.023358449372160184,0.014253004906573295,0.04505471099336396,0
0.021207239507477972,0.0101995163796843,0.040348843085905355,0
0.018745929278447235,0.0067554639206794925,0.0341193133672254,0
0.016302208408315814,0.015896116675073967,0.04639543714841092,0
0.01538624171544898,0.011581933223998095,0.042044181117981,0
0.018837017025635082,0.016722496312749174,0.04711212364144878,0
0.01983970875755825,0.014810064586969826,0.04554664408270517,0
0.017157721803047955,0.011730521677358352,0.04224219814754412,0
0.016415902369096985,0.007368815192031557,0.035590930457632376,0
0.019802825977607092,0.015851331844655828,0.04637451582521143,0
0.017160468991724978,0.0106582707560521,0.04092902355270181,0
0.019833008766872967,0.012126186306315852,0.04287166574862664,0
0.020658505254795283,0.012962571406032308,0.043872572077515895,0
0.01959095308168598,0.007355836253650485,0.035311914950825266,0
0.024038162781313113,0.012623343426368856,0.04385338735232032,0
0.020227142059143367,0.007804754431415886,0.03624127948757656,0
0.01816841200357931,0.011852471771439157,0.04239531527138975,0
0.022191480959548246,0.014258497635928121,0.04498722054758286,0
0.022355093176466886,0.013037799658653931,0.04399970670581135,0
0.02362717794615296,0.01231276401602672,0.04301578796991007,0
0.020136557138045737,0.00914825771580326,0.039105275785284416,0
0.026316726067118233,0.016511300401201898,0.04707826460591943,0
0.02563942423462098,0.014142692278283719,0.04507186345479774,0
0.028152625110462307,0.013033373194306865,0.04436621985672784,0
0.021170318080420306,0.006094316604187729,0.03365853997036394,0
0.027547292744256727,0.013425202510227453,0.04431805352277222,0
0.021327121817608482,0.006102780622723028,0.03388905797371741,0
0.022253900198976034,0.006729863847793245,0.035061842064929634,0
0.02222701154864062,0.006566788040677212,0.03501334203716895,0
0.022905072841653076,0.0052356336933853595,0.030527014055893004,0
0.026039595182461798,0.009245076604289778,0.03929696310943959,0
0.024006383281873583,0.007605637019369405,0.03721572149253653,0
0.023536676766781953,0.007487741284125687,0.03658438846735808,0
0.026655849873198318,0.009529589727141264,0.040154883599970596,0
0.029656323901882643,0.011841751347651393,0.043014576658246755,0
0.021278755260951233,0.010258213175408485,0.04052878114170104,0
0.021536111962730062,0.008642974205774067,0.03786049039975124,0
0.023067606748104725,0.00995565854244908,0.03993342126979096,0
0.02002024506099692,0.005376464633146363,0.03210660966652662,0
0.026334397955032222,0.012585528814841939,0.04344790094117616,0
0.02003686200706653,0.005390009797671806,0.032142303643150884,0
0.0230228918334061,0.011781139904584712,0.04253435655199393,0
0.024738369710077247,0.01318982997736306,0.04389839581360019,0
0.020810191133440188,0.009766752821355038,0.03999211000777717,0
0.024990687954320665,0.013383368013982452,0.044258338891472,0
0.023563697341673923,0.007533001031507428,0.03657374747817289,0
0.01826883499268058,0.0033848178144036006,0.02493331969905318,0
0.030622821628593033,0.016439518618505105,0.046889444156625194,0
0.02180864412983249,0.0063881350251346804,0.03444768877862542,0
0.019695220704642753,0.005242694481039726,0.031654970568590526,0
0.02374287716586582,0.010433295316676028,0.0405514137557935,0
0.028240925315738068,0.010879509522196261,0.04146870859085557,0
0.0287872618426069,0.011162166337681932,0.04148690834827256,0
0.026209666097239882,0.009268720956455284,0.039646717131308,0
0.02407922876943605,0.008002632009280053,0.037139598219765035,0
0.01827552799746627,0.012894507798228691,0.04369083208001884,0
0.02307468497845916,0.019604837253797795,0.04882546357051085,0
0.02121840807044388,0.011821203484086837,0.04259303612050846,0
0.020589284948257798,0.011496801851151298,0.04193140224694894,0
0.024083865803045584,0.016590534878607215,0.04710482069676779,0
0.025916475831869155,0.020202035031349458,0.048905402545292756,0
0.01914415209076645,0.011440036181592804,0.04200203600598175,0
0.028037211670701685,0.014111889601061205,0.0449311854998018,0
0.022556378369527046,0.006850465037143922,0.0353832530345817,0
0.024543471864071884,0.00827739680734429,0.03751529749425767,0
0.021783604689798567,0.0064103866415528305,0.03445168894164579,0
0.0244653237002208,0.007910123772282276,0.0377648531721343,0
0.022399283319958274,0.006735848478244192,0.03525378850884844,0
0.019599102026478177,0.008796988751560424,0.038390267234970216,0
0.021941816147888604,0.01255312879768359,0.043353285227263026,0
0.0237757325402038,0.014749590419275146,0.04549022633534105,0
0.02196742361240269,0.01072843057377442,0.041130673187166594,0
0.018278238360932994,0.014672240067474881,0.045516186428966286,0
0.017806034077061248,0.013514685226450699,0.04427523106341004,0
0.01874384517810943,0.01504156107553891,0.045948163952006314,0
0.017703279026054702,0.013475648990185832,0.04418636318543231,0
0.023319966654576193,0.014072629446676282,0.04491520307179482,0
0.024090669329668253,0.014829643582123693,0.045557752300800426,0
0.02284575482704854,0.014432497493787652,0.04530884274227293,0
0.02167672753328763,0.014054160706946794,0.04495486702481528,0
0.019565593215148034,0.008764535740277945,0.03831441729971523,0
0.023730749107470795,0.01796488702814967,0.047839604890996854,0
0.01953834175632205,0.011818735794194154,0.04236646477021017,0
0.014270018739924117,0.0019496324093663962,0.01946853259306702,0
0.01927135896314344,0.010164852130169105,0.04020562000826273,0
0.021933411954675047,0.010691175590170321,0.04109633830500622,0
0.018971817674555864,0.009907043505935109,0.039794547183206345,0
0.018994766791921112,0.004742359148261933,0.030786418288955432,0
0.02808209803329191,0.013207870371767256,0.04451165843219874,0
0.01728494925722215,0.002968412672778729,0.0237052888721008,0
0.02496663109878117,0.011537625679183507,0.04207232906633612,0
0.017204556311762563,0.003073537275471186,0.02353912511300908,0
0.019681077162787976,0.007423091512577635,0.03544797255039906,0
0.026640030012025678,0.011731905148256717,0.04293225909258542,0
0.021298678017620518,0.008601439504049688,0.037594684157131075,0
0.02304960975760454,0.011689632346733769,0.042239491288604825,0
0.021447181264842574,0.004638078148158377,0.02886633706279785,0
0.019507300188050528,0.003800588991113886,0.026514013284694216,0
0.025539657970872657,0.014064868530123646,0.04516880896033414,0
0.020958764726624394,0.009941144863822448,0.04000421277805856,0
0.019579117719300865,0.013041929664605396,0.043900258533954274,0
0.01639770490328475,0.011848155742383758,0.042463682061140026,0
0.022533247905530324,0.01879212631064352,0.04838716100862389,0
0.01882329063804907,0.011162064045713864,0.041565058999472236,0
0.01860450713268187,0.0034484713704030583,0.02530244297129933,0
0.02657838648564737,0.01280962301536819,0.043698308465065325,0
0.03073663106631592,0.019058753419877082,0.048493287314968846,0
0.022218900341261064,0.01111227992563824,0.041688682940808984,0
0.019317402293627123,0.005026710027239628,0.031134016876133715,0
0.020992308336725836,0.008328312390736838,0.03716097656118722,0
0.023541141374951356,0.012269077505028437,0.04308311310598151,0
0.019906550438195624,0.009088462125995582,0.03866944220404575,0
0.022940634902004497,0.013691355251482748,0.04449792981033378,0
0.019175216346736867,0.010058602547465711,0.04009085034883332,0
0.023123892976052853,0.005346702112597325,0.030793619490427686,0
0.020583764399757114,0.004249151499354853,0.027840550126839607,0
0.024108611570764077,0.005755351521399358,0.032007617437894424,0
0.022824825751564002,0.005155740667074901,0.030499862826499222,0
0.027126736388775396,0.007374459306661453,0.03535306587203937,0
0.027319566993513074,0.007396871553247135,0.035421927100574256,0
0.031687246799105805,0.010029729826915596,0.039999049213728,0
0.03282747391245831,0.010763197019854974,0.04111721394249546,0
0.03126940321504677,0.009767018768534646,0.039557045400329525,0
0.02871675496975434,0.008125319300475917,0.03698709633211065,0
0.027736001786857638,0.0073025895971984495,0.035824844424054626,0
0.023825679311515136,0.005652047349449842,0.031607708147222274,0
0.028761109052922337,0.008166363885077762,0.03706972897154965,0
0.030207124712591082,0.00900343083805125,0.03848975161030556,0
0.034107745897029675,0.011674795386949016,0.04218246392003203,0
0.03009172823038886,0.008814127101791993,0.03832296091589645,0
0.029214074734847984,0.008434028721648648,0.03750721386497678,0
0.031408191450481786,0.009375090130170079,0.03940430769783908,0
0.026098020308497887,0.0067636986430125575,0.034282990160280795,0
0.026159326800803916,0.006854468684718868,0.03434417428793623,0
0.02619759530784121,0.0068172066228530835,0.03437913747501114,0
0.03739202178789526,0.018360810387962678,0.048206744626626045,0
0.035561091764124475,0.01658092132861865,0.047426122189470746,0
0.026622086187796035,0.0069962712466010565,0.034645910014799226,0
0.02911895062889796,0.008075770932696598,0.037159119825817134,0
0.03490349482336875,0.012193793818071544,0.042846055721748204,0
0.033728957819413236,0.010791477601162997,0.041661324387952565,0
0.030302590316675627,0.009195725256001154,0.038660607547343115,0
0.03580434673150834,0.012755328249231852,0.043617782816999934,0
0.032636671358991114,0.010093758577809286,0.0406016441549524,0
0.028813816970228515,0.008139458229099299,0.03707941572313454,0
0.02902600253793771,0.008351466822479857,0.03728259825005015,0
0.022438689343329415,0.005065590531190111,0.030064631373871102,0
0.032219810358016604,0.013585047789105444,0.045196616425483505,0
0.028694592236509858,0.008187944246458486,0.03706909571481885,0
0.036486948678010285,0.013237935228490694,0.04407968628863518,0
0.030025766549352705,0.008960674349671007,0.03848517457105557,0
0.031214828382002048,0.009588140612384439,0.03944001664331638,0
0.028651586406246005,0.008108536536700866,0.03683012714089618,0
0.030070169436852145,0.008666988842776559,0.038174776484030795,0
0.02808111665493912,0.007910100266261608,0.03641862027772142,0
0.0224987637554554,0.005025308410496697,0.030179744176157968,0
0.03876753031794585,0.01501509012848789,0.04583242865650244,0
0.036675583515845586,0.013273755964386888,0.04418630449693282,0
0.028550528210885055,0.00810346898254222,0.03685863196477994,0
0.025806866651366042,0.006648893049191708,0.033954395963690924,0
0.021881089013571154,0.004787836106185065,0.029425668860564937,0
0.03546123059000048,0.012121983464044118,0.04312375801816965,0
0.023464196101705203,0.005498893882800541,0.03129828893268795,0
0.026560720884718073,0.006914412833267707,0.03477080874211836,0
0.03558297680853518,0.011864839465971482,0.04317080433460562,0
0.03625092670163176,0.012192466809629888,0.04371264559501298,0
0.034561994617205646,0.015242565473895507,0.04683577338585227,0
0.02484571376433581,0.006096009162431096,0.03284987245088587,0
0.02754427533249077,0.007591963197857788,0.03584189123363661,0
0.025803891906152992,0.006463502762881964,0.03384258655264861,0
0.027160075376484547,0.007178525614520822,0.03538480818391141,0
0.03057760490113082,0.009346362797766383,0.03895241879556042,0
0.025925487004656043,0.006564674073742206,0.034007053297116716,0
0.028691869481067552,0.008007671291848921,0.03688890362157857,0
0.034711850197133846,0.0111808434664575,0.04234569742246917,0
0.03416673206440245,0.011291618319340734,0.04203665505371632,0
0.025090493627387352,0.006252201987032768,0.03314888453730983,0
0.02602140690995801,0.006776735933226199,0.03413788963323679,0
0.026325887968518206,0.006908736312268961,0.03442789617992608,0
0.03966342921532096,0.01566726790615226,0.04634797813473557,0
0.039384641194131265,0.015498011047331731,0.04609340716165114,0
0.036711140185696135,0.031628464940805345,0.14545217942102345,0
0.030312482529925574,0.007642492435942857,0.07635765816934197,0
0.03984706037670183,0.015256091022708364,0.10565827194603757,0
0.03232342865598224,0.02454240816070996,0.13146582021232034,0
0.026213103806697034,0.008817080517390705,0.08183515442733443,0
0.03646196009670809,0.030398104039310314,0.14316627034817891,0
0.029613996690813802,0.00822282328372755,0.07935529620134062,0
0.03991068379875524,0.036947492463340725,0.15469847834961914,0
0.024327368048588528,0.0032163632301757477,0.05191079563783039,0
0.03194577119574131,0.025193603068402837,0.13154676493761505,0
0.027233553961517866,0.008802817588769189,0.08164420158180832,0
0.01958905629338463,0.0012661464606151221,0.027274628779056283,0
0.044842220880069394,0.04022828898389656,0.15952332706490888,0
0.028160217099087944,0.005329020844410599,0.06391553212161827,0
0.040582993352704176,0.04141836011542807,0.16166893903157195,0
0.01942324411983205,0.0012125968149121482,0.02694292334878387,0
0.04206682012351445,0.04500447564990532,0.16648597249240046,0
0.05426680392287842,0.06374074739597838,0.1861674175433993,0
0.05927737010860579,0.06818541138460013,0.18901739381282756,0
0.059330009105381394,0.06505457806097095,0.18706809232665356,0
0.050878379870611466,0.05381142100314081,0.17712464402499908,0
0.058605964143765926,0.0660793318528479,0.18767476226411403,0
0.0570125825359769,0.06954722332844455,0.18978638191499442,0
0.046087775372795736,0.052243732596863615,0.17601847205744878,0
0.05895152412575453,0.057474217903685475,0.18061447385994198,0
0.059167449280346916,0.06480767507346259,0.18677857907168482,0
0.03382737724237509,0.002722798354694544,0.0466658111640649,0
0.05633972016035754,0.053690889541735044,0.17678738343282585,0
0.054966907324537344,0.03785824973052035,0.15652352998469635,0
0.05753571826231835,0.04733060404240042,0.16969730438344038,0
0.055809792426448936,0.03242926411962346,0.14768698282772066,0
0.05650855062977678,0.03308403233948936,0.1491344734285176,0
0.05787739015257176,0.05320831526694249,0.17672889857918372,0
0.05898101427503872,0.05448079755779194,0.17715834550068893,0
0.05830980938412687,0.054101153726529336,0.1770614710869115,0
0.06355945174781864,0.059051470156860804,0.18203354256719667,0
0.05477442086825983,0.03775246400432616,0.15624671326735706,0
0.06452580188568162,0.05015700422028865,0.17296089322189193,0
0.061224058614283386,0.04230887221306331,0.16324134011363992,0
0.05484637646286853,0.05136501116916972,0.17439728864747664,0
0.05571436733911639,0.047607596408323544,0.17001459232574664,0
0.05860422937318638,0.054024002290276735,0.1771529935191363,0
0.06016181660027999,0.05574727097528045,0.17873905869301235,0
0.05780002842181683,0.04766275360758535,0.17004937089671604,0
0.060471096794879185,0.05395146213911161,0.17716184971011698,0
0.05629901523269297,0.05834509676202494,0.18150908278743047,0
0.06157016338212232,0.06404630065848742,0.1860225879976768,0
0.055384493723309544,0.06647678864437873,0.18816955550734246,0
0.05139198125672727,0.05799447729030599,0.18098217307178588,0
0.056236852491616175,0.06737876931657207,0.18848192318089102,0
0.049593664001932034,0.057228537363045354,0.18043446291480958,0
0.0445611011989483,0.01289065422141847,0.09904533626175746,0
0.054209918573555255,0.05513440100183346,0.17856386614357234,0
0.044233058613619994,0.016219373081311425,0.10990292393075674,0
0.060495989047960115,0.05070063014694246,0.1741603205333269,0
0.05065723054894482,0.02427182009690801,0.13070172477932826,0
0.05159369363712472,0.031130712605715184,0.14445077055278246,0
0.055107803362152125,0.049247906646831346,0.1718710071339368,0
0.05567328770150635,0.044383579812859335,0.1667434091784872,0
0.044187933057044215,0.016176463205166382,0.10918837809655389,0
0.05731572191415129,0.0380345939337038,0.1560298001259717,0
0.062182336579050604,0.03931854098956567,0.15877914594417125,0
0.047997042341146136,0.056342278668940815,0.17962096985764126,0
0.03534277471776714,0.012888007057662508,0.0988655447827173,0
0.029075096486932402,0.004172984822055198,0.056204539182622026,0
0.04771413010139721,0.05470985950181678,0.1780733197036107,0
0.052806002180332164,0.05520888343643612,0.17821432693342368,0
0.029335855644200024,0.019785030565196655,0.11916196400338762,0
0.03129724464327832,0.016331274210219977,0.1088796241452016,0
0.0339657539397222,0.010471696276590964,0.0901752965202716,0
0.0285206694212976,0.020030869432982802,0.11925870854963115,0
0.02542745617453542,0.011174752527103132,0.09062258181177557,0
0.03676674546742238,0.030576984650904238,0.1433731278083855,0
0.02703419723071662,0.007158639682128087,0.07458288707297792,0
0.04224031820455391,0.02624358026469625,0.13409291890258998,0
0.04867359544437754,0.05731471419790249,0.18028052264272112,0
0.04881141113758982,0.05747414127549179,0.1804432192539566,0
0.047161680280929125,0.03213535649986413,0.14642632128122252,0
0.03966411965200763,0.034916991283934516,0.15174801013475672,0
0.02834604072146443,0.006106778357480269,0.06875599256406469,0
0.04754585150225192,0.05557290101872852,0.1790133402796955,0
0.05955390180203589,0.06327456374985362,0.18533498509836055,0
0.05188615961005746,0.04473690718070432,0.1661291450141816,0
0.06068390584345777,0.0510520554023906,0.17461172630025507,0
0.05849816320519449,0.045517150608194994,0.1675023200065618,0
0.061498754816941614,0.04563479657948001,0.1675962474477078,0
0.050796950175120655,0.04978544304326347,0.17288482865507868,0
0.03211884195808031,0.026467649843556866,0.1352849256709833,0
0.02557113517439057,0.00613142965564455,0.0669648648846434,0
0.029455473715137303,0.019405097190028996,0.11761777474811856,0
0.03161822292728964,0.01771861188274812,0.113028826152965,0
0.03231050703662383,0.02851141857093414,0.1392692247653648,0
0.028610137694177872,0.020375529258996255,0.12131441669857458,0
0.027004582942215794,0.010404588861172941,0.08917057683443498,0
0.03302925776469788,0.008134458384102627,0.0788015411604194,0
0.03159539835117859,0.025676914782660192,0.1332664773982061,0
0.017883785879030185,0.002931548382863542,0.04632302598219674,0
0.051671251660553,0.05152174592248421,0.1741119957894551,0
0.03673783099685702,0.00949441457374081,0.085261165152919,0
0.052796371899549555,0.04860450111822906,0.17113651368457708,0
0.05412529541738297,0.04719841856454798,0.1694247914233888,0
0.05162198037195122,0.05711351109932817,0.18043603855445342,0
0.05769574443059807,0.06023844156713211,0.18284021701878242,0
0.061017077160851585,0.06275605681597518,0.18506855907173078,0
0.053242000920596354,0.0467248602719358,0.16870495027496205,0
0.06338434910405355,0.05539712562260439,0.17822671357125253,0
0.06209630853310387,0.039301976280131046,0.159212782499896,0
0.06135141841831673,0.06324873283437966,0.18575530929201187,0
0.05571462913177347,0.047237620509483165,0.16974074533418013,0
0.052869958583777917,0.048464845598822186,0.17114310799206225,0
0.062727389677074,0.06017563287137895,0.18319510816559914,0
0.05883062236445946,0.06215091699278942,0.18471805226213933,0
0.047897398979929444,0.028590430318143352,0.13931978161687358,0
0.040506159624881154,0.043023730053419286,0.16408987786478763,0
0.03891276046033905,0.024255025593559396,0.12986081854608372,0
0.04038693852146448,0.04208058149586063,0.16265157049327125,0
0.029182310425155716,0.00183701670444149,0.03961269473649398,0
0.05607300693333555,0.06642328511309331,0.18774153362287746,0
0.05715120712272919,0.052198117854682646,0.17572460675237128,0
0.04553064797309944,0.01664831188214343,0.11033318815923869,0
0.04915042276938329,0.056854112897809714,0.17997224537623716,0
0.05409949583100152,0.058946383221877716,0.18180870611856265,0
0.03863423984301657,0.016696774923766977,0.11061428368930148,0
0.0493475704921212,0.05687294955344841,0.18009006292354382,0
0.054434961976205926,0.05505613045752601,0.17807323724072296,0
0.04961913297884323,0.055615260639355554,0.17870747050326874,0
0.05601737117524836,0.04533156957082803,0.1668737778488613,0
0.056541901810474075,0.05435510319721142,0.17703169314411968,0
0.03977873043934124,0.037468748163203114,0.15618018165664044,0
0.03198684181635384,0.02205345418503971,0.1249542207401358,0
0.026225690845432987,0.012275818609348902,0.09496405296830833,0
0.046754820149311566,0.05143291909543753,0.17501463802069833,0
0.032295707237614886,0.02395245362048493,0.13019987689816576,0
0.014506331951023388,0.0021029319887810893,0.040441953222873896,0
0.06090712452912612,0.04505798422150593,0.16708010160799447,0
0.05137745974029053,0.051048557989068793,0.17352344833166966,0
0.05225315381282519,0.058138375956113764,0.18113169933686374,0
0.030549068020154026,0.00567408230536411,0.06574477342554065,0
0.04635195880859979,0.05225793055091787,0.17487713126296864,0
0.024515611365122772,0.0014116961598609227,0.033546714539286156,0
0.028052980751517607,0.01649584144059731,0.10967462761598273,0
0.01935336851530876,0.010289119168690512,0.08861677083343082,0
0.03871184621972778,0.03477618827614292,0.15093609194984617,0
0.02446943874761491,0.004128404041920306,0.05686730891724772,0
0.04699085271706381,0.026119445246418332,0.1338737487592948,0
0.05619545855284957,0.04516117010604019,0.1669737817686013,0
0.05767549146287913,0.04707235737448924,0.16918613973615207,0
0.056806511684592685,0.054600993047879104,0.17755704666892813,0
0.05850430634261569,0.06157659695845471,0.18399787387251537,0
0.059108305337887426,0.06827589748232969,0.18954415497807386,0
0.059103735173155925,0.05926379501486645,0.18247668699775516,0
0.040538898721263504,0.01261288436039497,0.09703780691446658,0
0.051924271107040676,0.06128478518102848,0.18375520460160405,0
0.06110427617698891,0.0517634458544034,0.17486665458832423,0
0.05889804511538543,0.05418395174849184,0.17720802105987218,0
0.05424181452877017,0.05041388521568566,0.17366625363831167,0
0.06646007793297,0.06817003171261708,0.18925218555164763,0
0.048222185553993636,0.05546924953932847,0.1785159749270082,0
0.04975558980166256,0.05785964711835536,0.18087687180472195,0
0.058834870382683126,0.054776839282651174,0.17782082045645572,0
0.05926507571274387,0.04959983256029578,0.1726141150431397,0
0.05696849841698024,0.04355844209893392,0.1645827937108182,0
0.05855769217736282,0.04854545162882724,0.17122422251671027,0
0.05201658989706378,0.05403454555442631,0.1769065566087906,0
0.05240695053816532,0.058665618670171976,0.1815669148633469,0
0.0629393132651633,0.051308495632549994,0.17399548044607144,0
0.05601766627537196,0.03937207840165287,0.15873051971500263,0
0.05450920642828955,0.02443773539705651,0.1318024497128715,0
0.062325021590214205,0.03581486397155614,0.15275297284054265,0
0.059609518977977616,0.040282222061310456,0.16012580056380638,0
0.06291483511367134,0.04425806294090375,0.1662455679753484,0
0.05973815383626859,0.02944577829296832,0.1411101364946304,0
0.05529901421810811,0.02183103167385139,0.1255447200781415,0
0.06340440854582763,0.04487376412913459,0.1665088495831179,0
0.06266378995283499,0.03990302579534711,0.16025438146093818,0
0.06081467936167541,0.02666915357446841,0.13528588620218243,0
0.05740955938656422,0.01940085729483965,0.11966069864707471,0
0.06019876954568957,0.03375897008533396,0.14921317220241548,0
0.05980741790324101,0.0294726357071448,0.14129566669725196,0
0.060936282156976655,0.030368974267068326,0.14342177241748355,0
0.05972256282152453,0.020830424065833693,0.12407019714572781,0
0.046699825625849435,0.0075618129848321934,0.07885490950763499,0
0.04661184667497971,0.007107053949536685,0.07889585867766312,0
0.06043389493948098,0.044473171485000074,0.16626859162199903,0
0.06147016117333646,0.04940297556590102,0.17241726475446034,0
0.05851338610644743,0.02770545329661865,0.1398173451444908,0
0.05609990522740233,0.02614142908996042,0.13444953082030023,0
0.06303911056613078,0.028443841295530285,0.1395036737013259,0
0.05923689747396791,0.025241131048558574,0.13236124549682982,0
0.06221651206442973,0.03574894893033333,0.15350094486140003,0
0.051306424354250445,0.013017856881932507,0.0982382983367358,0
0.05561426469713804,0.018642714149639496,0.11633777182772553,0
0.05432600009812939,0.014370151624994446,0.10349375217753783,0
0.05945778483473424,0.036511911482144804,0.15438984276334128,0
0.059944421558057605,0.03693040715473414,0.15506701311929405,0
0.059638252027305674,0.03670700209652877,0.15457920150537036,0
0.06092660748321027,0.04504865372054243,0.1676298454749855,0
0.06392853352805611,0.04506787586602842,0.1670667526653541,0
0.0615044359928224,0.04901811450924025,0.17191102028811234,0
0.04071787409510678,0.006139673684484966,0.06830664604547093,0
0.05489112516674867,0.03140418187405639,0.14587583909285992,0
0.04217755639352359,0.005864423199255292,0.07148161256377682,0
0.05945955456849751,0.029088411074639876,0.14075405896856466,0
0.05609612626395831,0.022073188396925004,0.12591075871314394,0
0.05827746430175056,0.0318120795216525,0.14610527468071707,0
0.057627299146433726,0.023723778237389217,0.12972898501009347,0
0.035945441609380444,0.003147148429765732,0.050175802490948426,0
0.054292437527103304,0.014332841851443325,0.10344480540306891,0
0.04959803860954721,0.011754428657709464,0.09556961996543303,0
0.0500769448713469,0.008440197148909563,0.08431432035366429,0
0.06139624377949014,0.04189874322017773,0.16309215372313848,0
0.04074545677235492,0.00793305351378102,0.07895889822027112,0
0.06152393320102639,0.03093672260005406,0.14445069811443786,0
0.04695719520624911,0.010596292997228916,0.09072323808592593,0
0.0541397616199442,0.017723075107044916,0.1136211271230588,0
0.05105198789155721,0.012772100694332914,0.09783853415440838,0
0.05730944556423283,0.03395465090461571,0.15059993365226368,0
0.032276483546832324,0.0025063663007013253,0.045316624105404796,0
0.0621469938901515,0.035358892316248954,0.1532065398874337,0
0.0389329602997623,0.005557409150957355,0.06543972175425912,0
0.06136883088291329,0.045597433182598346,0.16775482390290825,0
0.05833136368417261,0.04184976922742011,0.16290278539080114,0
0.06055906326663148,0.044600136467641806,0.16633553450945793,0
0.06143865285343782,0.04242449337264982,0.16315283166015582,0
0.06096518407249621,0.0346847008402538,0.1505606175333868,0
0.059702854845070784,0.029028897296958036,0.1416189056863473,0
0.06188708732284399,0.04984498588252671,0.17296368692167818,0
0.057745839560236184,0.03797125917290265,0.1568899422151778,0
0.0548900500504653,0.024864867272722965,0.13249085157746737,0
0.055829881328773166,0.02224199836417172,0.12611934598048016,0
0.05867353180617782,0.039369882464175464,0.15865000065381077,0
0.044872305471158946,0.011941383175006516,0.09564412266590212,0
0.062212255108015896,0.03166851262210723,0.14564152322239682,0
0.03619817126899486,0.003465973213974263,0.05059380933117924,0
0.05557640048187598,0.022257915431563788,0.12572429761076961,0
0.04702436919613895,0.007764344303509312,0.0792954118591526,0
0.053918442976326475,0.02753026488932455,0.1377196162739397,0
0.06412690875980924,0.041604285744128826,0.16249559593380994,0
0.05309231265496958,0.01629531786623168,0.11220392520850549,0
0.05359325458297436,0.017098049852557366,0.11270044276224658,0
0.059077830759411955,0.039513499680700954,0.15919756925122,0
0.06219261839415418,0.04318697471155092,0.16422882015731902,0
0.06510159070201618,0.03414756734398571,0.15120038086320822,0
0.053327199120120745,0.013917006437138484,0.10184435180724712,0
0.059572843823498596,0.036615657083007194,0.1550627327515285,0
0.05580303054848201,0.029331146340067282,0.14134000266052843,0
0.05942418699151728,0.040282379077622804,0.1600942283000739,0
0.05989658896125893,0.02919271370664473,0.14200309793692992,0
0.06335698166241369,0.036852308348019606,0.15540455752526028,0
0.0498585023010995,0.012155195169714778,0.09581166590829439,0
0.057709983004937244,0.019531618662727686,0.12026370563535592,0
0.04882472611505442,0.008244237684475209,0.08226792835337815,0
0.03897783595777943,0.0038331658278063685,0.05458727635654952,0
0.05116707357533783,0.013240456683062661,0.097954463222878,0
0.05776934042386417,0.01971828632023134,0.12043304833381188,0
0.04019490279748926,0.003667098468035474,0.05636868954569233,0
0.03917267666312102,0.0037814656721423244,0.05487973453807953,0
0.048929255214797886,0.00818330607415222,0.08244650180268032,0
0.05567933337749549,0.01522742359118127,0.1058517770035888,0
0.040693782360133164,0.003895762293794952,0.05701336406317099,0
0.048081567244108045,0.0076268361056284,0.0812061381055891,0
0.05732884634971827,0.01934150623850836,0.11945427450306537,0
0.04990327763007929,0.012711841836107848,0.09569175340438911,0
0.05113373789244582,0.013056372437625864,0.09793866002261016,0
0.057798917142191805,0.01977734161083004,0.12049442245918743,0
0.04042629763072149,0.0041497705192762935,0.05656440880298517,0
0.041028568473826965,0.003946460352205136,0.05748325830863217,0
0.051380212244908276,0.012749836616494674,0.09857779308522574,0
0.05322569110303687,0.01383594081628864,0.10170449393450864,0
0.048423842927204065,0.007901571803174759,0.0817060037699381,0
0.04068451665374062,0.003901755117616407,0.05699939923217428,0
0.05308608995895246,0.013718514494468146,0.10143734507985147,0
0.05303795100261328,0.01366538546815164,0.10135018262405447,0
0.053132427854535175,0.013988286608626234,0.10147796382488523,0
0.05314183922208745,0.013755276123695074,0.10152620293864519,0
0.05857086697555944,0.020140614874533547,0.12165756461498851,0
0.05625137859553666,0.015467449857911365,0.10670747135294376,0
0.05436491818936989,0.014445004971208687,0.10361962975874629,0
0.0483324265302792,0.007956068430674689,0.08152069358659413,0
0.05769588762056305,0.01960027351195697,0.12016856925367193,0
0.057011546973664964,0.019107594462276216,0.11896682514593217,0
0.05616053672084946,0.015435051448250836,0.10656450750415287,0
0.05365925669717631,0.013932080441643334,0.10233513322703498,0
0.048373685004461195,0.008155590873575412,0.08148765945300697,0
0.04649819930731603,0.007567181392200825,0.0784740285692738,0
0.04649502392982349,0.0074753192955231435,0.07845684574082643,0
0.03937270846920949,0.003543841886702695,0.05522845563963784,0
0.046517313011687385,0.007463178656550238,0.0784928903987572,0
0.047588312395124364,0.007660502133966726,0.08037073554749842,0
0.06082449753445606,0.021540746523261694,0.1254998017620435,0
0.0418930894471448,0.004407184843756901,0.05858610284308084,0
0.039391538160454855,0.003874720270106526,0.05516559504960446,0
0.053468185683180465,0.013933033771244123,0.10207674314782676,0
0.05688708160646149,0.018957875917074797,0.11872957236621026,0
0.04697098716981723,0.007121344429511591,0.07947579721589977,0
0.054289379555995734,0.014615553434224186,0.10351856133276753,0
0.048143546840747016,0.007600497390396482,0.08126887551113472,0
0.053802119400394983,0.014129502716024473,0.10268422924287053,0
0.05726276879918139,0.0193261465163621,0.11949082493249005,0
0.053046381218585355,0.013976845152411144,0.10130927417922216,0
0.057229042584384895,0.01920162727725019,0.11932945874576986,0
0.041404588873082813,0.0040978666530997665,0.05797239150357433,0
0.03923976206218352,0.003724862405918013,0.05498999888311925,0
0.05559929661580616,0.015197410275566923,0.10582202258302309,0
0.061319532929936714,0.022055380355823502,0.12659381430699376,0
0.04150741280939047,0.004232610818676025,0.05808551562464398,0
0.040096796850999594,0.0036432182662841646,0.05623368149156066,0
0.04068808768217749,0.004013382670550866,0.05697527843569652,0
0.04641323728315461,0.007424237559474209,0.07840884376647049,0
0.051239209177982505,0.0126844351462445,0.09834154731319439,0
0.051260924598444835,0.012691897029390982,0.09837841962790032,0
0.04682588843732263,0.007592729779625217,0.07906069907633896,0
0.04843212832431017,0.007925822329824736,0.08172859383014339,0
0.0409064320022734,0.004300677093350349,0.05720612452533523,0
0.04953710124668292,0.011931980676708347,0.09530359535995922,0
0.053398991542748235,0.013934977159115621,0.10197934283133545,0
0.03985144875681909,0.0039453746151906464,0.05579992154493678,0
0.04167129480463725,0.0045625927955995575,0.05822045858209801,0
0.056262383195903015,0.015486299197293572,0.10673112059364621,0
0.048969901008461714,0.008230283042776098,0.08243690315945554,0
0.04851016763471593,0.007972316808013042,0.08171847777867143,0
0.046709087213741826,0.007399172842024391,0.07893046131318547,0
0.057901382101288305,0.02002090586271835,0.12057499221370521,0
0.05275587173032745,0.013512801181050579,0.10089464516873928,0
0.04864185439607638,0.007875520917490636,0.08208221553713856,0
0.04042230083467797,0.004128581123441303,0.05656119714403397,0
0.05066698847928474,0.013090039016808946,0.09704385033257117,0
0.05425853636136283,0.014538723084106815,0.10340790463395493,0
0.05803462564129342,0.019793694023886442,0.120946924159064,0
0.05187769734413629,0.013052313251084562,0.09939046507335109,0
0.03555825575658448,0.033036044928968125,0.0966622047538677,1
0.033486661837569626,0.03694583071574881,0.10469699397664113,1
0.031214399142281978,0.03590607789923858,0.10376311437713893,1
0.021008640585427788,0.011461755491281315,0.06442938723813137,1
0.022223457218013113,0.020321699934916067,0.09723080398706353,1
0.015927154944023844,0.00011648743643524604,0.03558110523328962,1
0.03594603053626128,0.037889152398420986,0.1334703758058138,1
0.040386633536330534,0.029475400979051235,0.09010682313988745,1
0.03694188972733867,0.02089506461076111,0.07643814080417236,1
0.04310204621438574,0.03570487284481706,0.10127553412227383,1
0.03922737152600548,0.0274812071952637,0.08866849711188676,1
0.04196640710755073,0.037170882847695146,0.11908857321918619,1
0.04697613839257161,0.049351379552320516,0.11717956014611305,1
0.023985694523085504,0.003449778585518313,0.04658883221040877,1
0.035051180751693826,0.028548039642522734,0.12785380567811458,1
0.050324665817470415,0.0509813181943393,0.1459396930997661,1
0.04027038686299741,0.02178611058401699,0.07544250923824952,1
0.03898148099980004,0.022074712100475204,0.07395248781877792,1
0.04339405794674234,0.02434041952118839,0.0816458181170807,1
0.04533277310849027,0.033730691993882844,0.10231445617155854,1
0.0413111817238629,0.02973478448512576,0.0941295621023506,1
0.031065256259214285,0.014589192828887255,0.07663124225728656,1
0.04225123395326773,0.02861358312313455,0.12384782851445605,1
0.0530931486945159,0.04146560785964141,0.13548638129271295,1
0.029417474411180772,0.01582168505121552,0.08224410745342595,1
0.03919056550846306,0.027856082752254215,0.12216769786443737,1
0.04116609227005008,0.034720862422938537,0.09995376844452983,1
0.04628216651667726,0.04192955581055172,0.09975319197084252,1
0.041969279477673156,0.02734948159551062,0.11816368537271478,1
0.04176582877280854,0.02810844400175119,0.11688347742975885,1
0.04580037473362146,0.0576826782082483,0.12736298988499306,1
0.03482163160199764,0.036822986637826106,0.10489857166146624,1
0.033038855133255454,0.035253185537982276,0.10405021356029408,1
0.02592271844753662,0.005008726069677232,0.04857842400959815,1
0.04451459482449692,0.047869614611373436,0.11973256573099074,1
0.042528403153669445,0.041186674015367956,0.11819892236266567,1
0.038292017393269054,0.03447387166046226,0.09764599876966015,1
0.03629372620908623,0.03339586329652192,0.09643590519524511,1
0.048250311526131795,0.03238697259132654,0.12583116790189663,1
0.04757958822757073,0.049295050710779845,0.09904400812285787,1
0.03773327952378929,0.03257209150469922,0.09338604599147358,1
0.046013821579644294,0.0387615403500631,0.12567282052057374,1
0.04031432608248793,0.017092285188771702,0.09900538168553727,1
0.04904849798343449,0.043087788299272414,0.11563393927773222,1
0.0395975518654401,0.022441288558085373,0.09108874219849945,1
0.0532630112752061,0.0444783764235878,0.11106665636583507,1
0.047093830158610024,0.028822785215092163,0.09901080192674977,1
0.04610838119818406,0.032433912467623456,0.09456393646192444,1
0.03295225774521889,0.018691528611308923,0.07731756331896471,1
0.04604443701034142,0.03257902686973929,0.09432356001104211,1
0.03297751759846866,0.018789636094932994,0.07737991698054542,1
0.04077459518441168,0.01993463404018611,0.09009896558709339,1
0.047210888326416865,0.027013290806752695,0.09391091119508582,1
0.04075540260777559,0.019782773100188708,0.09029103321281812,1
0.04695375473077877,0.02682121175109236,0.0939062927847549,1
0.04109344102484713,0.017570564291035255,0.0930690432990542,1
0.040772295065116884,0.017428170950853104,0.09265590632444011,1
0.034727031571572274,0.019029352107861042,0.07404012561208251,1
0.04564378257957079,0.028700656024642696,0.09170243481994726,1
0.03860818774066912,0.0374128138604872,0.10617893246872943,1
0.0445072116935794,0.041623882507278824,0.10945918661475326,1
0.04229049342730722,0.040445106952804226,0.1199299744928714,1
0.029481333003656317,0.017307985028375057,0.09122195069883635,1
0.034476191830972086,0.026608543322194686,0.12220222907301947,1
0.03259716912125266,0.02002374421747276,0.11071488547475868,1
0.03141366626268338,0.02937420053777244,0.12929789154689686,1
0.021326946800176223,0.011501352880759546,0.05914488909550832,1
0.032039849662126876,0.02787782679092252,0.12566544970536989,1
0.03558654904171023,0.03448916756811939,0.0996796075720864,1
0.03560655261845262,0.036820545563483666,0.09718119504632522,1
0.0357446442901049,0.032941141113426546,0.09780274934157629,1
0.04160297697828198,0.03194647868032243,0.09296515956952266,1
0.046143683765194794,0.03713748305495421,0.10676149572306062,1
0.04835252254584657,0.04757422825895624,0.09736816197596089,1
0.039748323444292355,0.03128382296965595,0.09016647238139146,1
0.0417338648381882,0.040815086154878596,0.1084712176996538,1
0.054317489433964826,0.05074474195090633,0.12987104303604968,1
0.04039566325443377,0.023998189224235137,0.11657887565751719,1
0.04798566716308949,0.028272272813589735,0.12467024585430742,1
0.029063370627908897,0.0066428185476643566,0.04764076507032935,1
0.03931945736797722,0.010514342047304708,0.0841894463063461,1
0.052271818274781265,0.03116985239620962,0.12459453606241819,1
0.05069757869799636,0.04049227018610525,0.11032962338187167,1
0.0452989688260814,0.03082340023390766,0.10901043594183663,1
0.04666853555273726,0.03963530642663432,0.0900621399485695,1
0.04575960844269903,0.036248417789444244,0.09018559944818046,1
0.04912143878673903,0.03210310625311432,0.0901605002350221,1
0.041943329252404384,0.030544572566385222,0.09190050992177769,1
0.03129568513755754,0.021195015588631752,0.07682894759688139,1
0.048773368200694216,0.04119125912409706,0.11332211815447238,1
0.04581577267970922,0.028156217893177515,0.12346348391135613,1
0.04763071019578599,0.027290659202432333,0.08428774528730835,1
0.047342476350893115,0.02764333604732627,0.0844845946779797,1
0.05615207496658521,0.05095823577105132,0.1279556624211343,1
0.038484908945765964,0.023301186159412367,0.10511309724794121,1
0.027034925687197266,0.00527071073274918,0.05175134103005887,1
0.03924647141244066,0.029420172948927913,0.12576300477566324,1
0.04299443712265094,0.045700678563758,0.13986622600942247,1
0.043203857757726644,0.04627959931972388,0.14015052551259277,1
0.0262742330159638,0.01564748775945414,0.08085353672995318,1
0.033804614932679826,0.027531480307360183,0.12307386471947793,1
0.03566372701302463,0.015276807142548744,0.08168180832241721,1
0.049316873106801024,0.027459109315249294,0.12477523662917463,1
0.055162415983738625,0.03511662705216909,0.13154759614607883,1
0.038050821836452385,0.015219884672381086,0.08669630886158328,1
0.03359506505899835,0.0266976526914928,0.12302349567994744,1
0.02448383078021039,0.007934017532321825,0.056165795300480215,1
0.03449766322848412,0.012720806564064453,0.07253400332388792,1
0.04519015843100017,0.02464891769300227,0.11088598114015295,1
0.05620231810213946,0.04500620506075931,0.14022828499250714,1
0.04728631667739926,0.03449328332090476,0.12721059307504942,1
0.035106475888357476,0.0299301039890862,0.1307866919055098,1
0.022893093122332443,0.0064606965705617725,0.04839179058099878,1
0.02663935848172109,0.009426937137462994,0.06111378751927925,1
0.03782660118075868,0.02953459546807627,0.129392318578778,1
0.03930512513134737,0.031668186829957076,0.09716312521174089,1
0.039157158442722675,0.031239562510205886,0.09514499429392262,1
0.04920097333688632,0.0515801924684706,0.12998956371362455,1
0.032712976285357874,0.0340413431785122,0.10318590975263042,1
0.02777463416917617,0.005120373175387387,0.04595541732460825,1
0.0403274704134962,0.024417196023037793,0.11627456566802015,1
0.019732099788280954,0.0037641838963176325,0.042169877903330086,1
0.029838380698620222,0.028655400161173194,0.12446447471722011,1
0.043034531404214725,0.02888503688425604,0.09385267851897723,1
0.0412594167809234,0.029447628524650094,0.08870362793571386,1
0.042156562514041554,0.0323705629654553,0.09993091542677683,1
0.04224706794416513,0.03385362646264333,0.09952735517435862,1
0.04718046380437701,0.03249522711999655,0.12683826596442235,1
0.043583257527627324,0.016688214996372353,0.0658971199089433,1
0.039015717892177476,0.011510610222675827,0.04988816503029951,1
0.03670147045064939,0.009618567206883604,0.048193141952229894,1
0.04553988054852776,0.01979129703195003,0.07564009743362364,1
0.046902903675623185,0.020155968265734858,0.07569402354497562,1
0.045406895194457515,0.017442357799829226,0.08152102492786681,1
0.04668741614040942,0.015764234297305994,0.08617062879444874,1
0.04791393605188295,0.025158004058680555,0.1025940178665628,1
0.0436677254799397,0.0226677281062034,0.09535045516436363,1
0.040426870694349325,0.01118704069319925,0.07673300196906871,1
0.044103422766958784,0.017804343525340993,0.09099777543792097,1
0.03377108519277813,0.009201493823910965,0.05488137876765714,1
0.05251390957388745,0.02539075671455198,0.12195181664700283,1
0.053449971100407376,0.029914000967329508,0.1306710264909477,1
0.03782140398102151,0.004351383362229566,0.052378264869178175,1
0.056625476720120825,0.024740490163564374,0.12180508441231504,1
0.04869001917534411,0.01398640398810515,0.09323808091006643,1
0.04750732971123545,0.018534802761721928,0.10977861281500505,1
0.05202155547652358,0.025146009056183586,0.09895693370437643,1
0.04273645510194725,0.014748427948316909,0.07927655639969217,1
0.048135915113883314,0.0248448364590908,0.08374168833580334,1
0.037048893461678604,0.015100585527510863,0.06476962022797639,1
0.0444024433075921,0.011915692266326728,0.07231529637058012,1
0.03026822053436623,0.0004868747708764147,0.04279437136668973,1
0.04012364370046691,0.011390721265115023,0.06391044688063711,1
0.04367678891598314,0.020305257465128283,0.07537496748768398,1
0.043904778573201984,0.021245530151782065,0.07533855287536567,1
0.043010491532486685,0.024943681640987623,0.07895110065033169,1
0.045616676687180946,0.02423870990654382,0.08110031267679252,1
0.04253964290816728,0.01300852447309502,0.06753053176330537,1
0.0430097360373764,0.013372853139550321,0.06749597867881672,1
0.0333198129525305,0.001697035462735371,0.04699884739673792,1
0.03785721062835165,0.00905878714525172,0.05018783889299709,1
0.038941292305991866,0.007242620584807255,0.05313159078927865,1
0.04180411126530765,0.010508217937878142,0.06851257553064709,1
0.04797378102926694,0.016748994059778408,0.08962415445937329,1
0.043639891375201696,0.024997841644701167,0.0793588483958625,1
0.046179499712761515,0.02418586144266935,0.08151721993473955,1
0.04665798599935807,0.02022917253659047,0.10089395745090368,1
0.04781290480994913,0.027072612198299918,0.09987180859877608,1
0.05228787140977116,0.019740681119448444,0.10602781904996868,1
0.04844317780896313,0.010330625401235282,0.080777509343564,1
0.042425429574677556,0.01414914697016291,0.07980943892927984,1
0.04473349178842306,0.01437034675193613,0.08440324585043181,1
0.03711781270251148,0.01392671932365874,0.0570589417192315,1
0.04337093843866366,0.020816305124822417,0.07601224940038402,1
0.04464264162253143,0.018212623977222335,0.06684030674229441,1
0.040560223623860636,0.0074206411197960415,0.055392281431639885,1
0.044800097478056196,0.013763364644839808,0.07039302354578948,1
0.04668238906940278,0.016844949873701963,0.07108434737012292,1
0.04293183627816775,0.016089373396298585,0.07656913989160118,1
0.04394155408733609,0.014709265888266604,0.08209161928460111,1
0.053439830467856525,0.03361492760895149,0.09879459725353681,1
0.04542634047735698,0.022825567277470968,0.0869327335735313,1
0.045314226692173394,0.019313823626116743,0.11182076529346156,1
0.03477379931228867,0.002204443251233858,0.04876888284898217,1
0.0491903395327706,0.02325156935493564,0.11492403671225389,1
0.041255031915077164,0.009355501592057877,0.06774908850335555,1
0.043389276523054326,0.011543562158883183,0.08202293540257465,1
0.05277010876129763,0.022963275828592745,0.11306968528095712,1
0.045319549562506674,0.012962292436605143,0.08485188143845375,1
0.04228841057189608,0.009353069759761868,0.06946942066358523,1
0.04409418918614681,0.017011338230231654,0.0920677589570082,1
0.035952842314521095,0.009582883690086837,0.058738252089888546,1
0.03718355760766956,0.008913808397811158,0.061072162046679514,1
0.04609448277332284,0.0168785752765032,0.08574391110625544,1
0.04421992513546114,0.009825117721231938,0.07278357172546002,1
0.04659758630349378,0.012051162851108209,0.07633566875754506,1
0.04863517691046114,0.01689345759952722,0.09876333616996442,1
0.03560487143091636,0.0076762503152637135,0.0472543168903599,1
0.04937977132040383,0.02356430031622754,0.11532828979884897,1
0.04398065758722703,0.018941803569747985,0.08853557453221757,1
0.04290382806166736,0.020736026299488352,0.08439226982801958,1
0.0343830860367964,0.008353982105197963,0.056307471860804995,1
0.050323917729266116,0.026130427527425802,0.11629055509884985,1
0.04662719475571029,0.017853395018724766,0.08506794663066806,1
0.04522974687279139,0.015290683312192329,0.08397166491124329,1
0.045859950358148986,0.017171170889973816,0.10622589593959544,1
0.036138528800500475,0.012943196069465531,0.06736967749273971,1
0.051559499174993965,0.025044078220274827,0.11801308139528166,1
0.037209008079553435,0.0083684612556006,0.06118517951621367,1
0.04019480526848796,0.010802829359016195,0.07620779205898037,1
0.045524934162983706,0.022059242124114326,0.07867277747182211,1
0.03720972415592507,0.012011443699491935,0.058329205563285906,1
0.03846862831174541,0.01831282749071614,0.06753043843359799,1
0.048930328694562895,0.029700033570627324,0.08583864193878611,1
0.04434496500994775,0.016044500805903632,0.09207183537713773,1
0.04339432843903342,0.01844081455746918,0.08803537096157284,1
0.04277581200263474,0.011497744034556454,0.06953982301764099,1
0.04999714051731701,0.01809795025647704,0.09221789270231351,1
0.04725254092026473,0.01808083050647411,0.09597122058312414,1
0.046864756347992066,0.02363444124954331,0.0896977431767081,1
0.043859169886314976,0.020788501307248023,0.07635264975637857,1
0.03797852516706746,0.015209430644443902,0.05714497784338032,1
0.04716723691800464,0.023883319638258287,0.08206325280367732,1
0.04639257912619477,0.02186965069470741,0.08095110047867972,1
0.040779039358619186,0.005546008745235793,0.05657381972650226,1
0.03973570569924297,0.005639073634550497,0.05504569521842447,1
0.03814714888144558,0.004178215884726739,0.05329378591528856,1
0.04179974709931484,0.005867426791992699,0.05793479008596598,1
0.03729968121436472,0.0036730013578586667,0.052228522582481576,1
0.046370192748785885,0.011903275082043188,0.07589950234199443,1
0.040407356055078135,0.0012226595488801022,0.057091572971924305,1
0.03919567222428451,0.001861307374102436,0.05530534550512512,1
0.03869455778164742,0.0029106562009739495,0.054399243775597766,1
0.04042363813330603,0.006303344660584936,0.05574792523272488,1
0.041444726737296246,0.001116403009574415,0.05856839002333933,1
0.0417680633479208,0.00723157352579975,0.05726866392828273,1
0.037449757894915565,0.007728843370933317,0.050618488763593227,1
0.03852464720287784,0.0076457161102497055,0.05228536309174075,1
0.04752967411849287,0.012061090629029955,0.07778302299457311,1
0.04811424478146166,0.011343331300196206,0.07910042177452828,1
0.03934798463027553,0.010760926708816603,0.05116722176630444,1
0.0407014534241254,0.013893638827110663,0.050402049089324136,1
0.0412708182383725,0.00959415125833527,0.05509348480942586,1
0.04918279096594227,0.011007964415587877,0.0818642728088133,1
0.04501234332968495,0.008029820559100249,0.07564158939534976,1
0.038812785106037306,0.0020053899315786595,0.05474215915182607,1
0.040275206196689506,0.0008660174284675718,0.056931389273756024,1
0.04004193957433616,0.003021073805527091,0.056300755571624526,1
0.038247602652845034,0.0019594380714926187,0.05394812146099832,1
0.04680608474539084,0.010767834729903251,0.07774087760287078,1
0.040489402077733064,0.003394637869899833,0.056850185910104906,1
0.04155529589240066,0.007431590569695428,0.056843721652097556,1
0.03690600875462906,0.001961194881209871,0.052044413198449956,1
0.05518685477232934,0.016412545048002464,0.1052735456307415,1
0.03846067215007269,0.005682758640921718,0.05318365681871047,1
0.03926144347712465,0.006209712877111998,0.05411419933089676,1
0.04861739916987181,0.013189559657796952,0.07915782180989735,1
0.039978306589384685,0.00784619515025004,0.05426237465916291,1
0.03947263196427715,0.0043215385733596685,0.05514143616094939,1
0.04400211485941836,0.04896945490185277,0.09924593221575985,1
0.041704964155715965,0.048660147778835365,0.11483069267627236,1
0.029832223664208707,0.03362447596776461,0.10003770187494587,1
0.02554130138864856,0.021395054457604926,0.10877931971805094,1
0.025569823389602793,0.02188096117906751,0.10875560591075674,1
0.04306809247925763,0.028911721959249997,0.12134870040155397,1
0.03104516062963183,0.020870754417163816,0.0975197293227912,1
0.04193818858747537,0.03822133011369255,0.12344550499861698,1
0.045254538707110985,0.0442879660149852,0.1033522639955756,1
0.04629087614825502,0.04656089867212073,0.10216816738360544,1
0.03970789037955836,0.040514236939948545,0.10860588561978025,1
0.035102869954221474,0.03399991623225344,0.09934800054879057,1
0.04124921792182883,0.028975961574332437,0.09319071089727653,1
0.04127124292197558,0.02899106362090874,0.09316684687501127,1
0.050793101612859506,0.03043167764104401,0.09566762267847358,1
0.0523729557638625,0.03136083328173877,0.0989338654609878,1
0.04561962657993344,0.03176827744512268,0.08888919580883944,1
0.04491475641737395,0.030218885086426513,0.08888061075092926,1
0.046378961469308866,0.034529015334562374,0.10221233305724269,1
0.04326772866702265,0.032580300813428414,0.09758275252662041,1
0.03562005628713614,0.016913845841144186,0.08779803766950325,1
0.04396767631107215,0.024401320999554593,0.11182464510063014,1
0.033234706131059534,0.011261339439399913,0.06197960691536013,1
0.047654185254854604,0.02722556831337471,0.12394886124203076,1
0.04495797194965131,0.019416380449648423,0.10734612359703638,1
0.03086721632966898,0.014159844145795351,0.08177063958903615,1
0.040760449006578166,0.02644476241214011,0.11813868012582618,1
0.04393231857123182,0.034139297953571714,0.10169458570288128,1
0.04268863108348975,0.03635165003111871,0.10535744499068227,1
0.044149246142762555,0.052831886678789644,0.10612486732072589,1
0.03167893343455063,0.03488839663597471,0.09930254715316585,1
0.044995537901760044,0.050389733983058696,0.12123302815043079,1
0.045440986107204505,0.05123628705512943,0.1204538601351973,1
0.034865811338227796,0.03650094743993721,0.10504989076734444,1
0.03291153260850506,0.03507620237388935,0.1037670909239663,1
0.03542612837142466,0.04125884521329757,0.10956572514363906,1
0.031053288802567556,0.03663271367744103,0.10254078921101477,1
0.04068313111522341,0.037704082858430785,0.12538973310365212,1
0.03492067197336282,0.009655304387138245,0.07183488159993547,1
0.04922806143622001,0.042053667652589354,0.1153406579135927,1
0.04243481620998031,0.02795900355433763,0.1153706464979743,1
0.04585005111614176,0.04993662750141659,0.10133279384198791,1
0.04007215931276944,0.03459594690385418,0.09796695677417895,1
0.043007051241236806,0.04037265342417367,0.10811794884558654,1
0.05369074399736577,0.047009211530010156,0.1281106945965314,1
0.044963783865078176,0.03274402207464014,0.11665318666784934,1
0.0446501942522008,0.024952859871277325,0.09289285894899878,1
0.03592981343835426,0.008777435567366747,0.06841730927748294,1
0.048417994708548004,0.021194602922879852,0.10360059181126775,1
0.046117425058696426,0.03258858105270113,0.09923845070152161,1
0.0495946471503458,0.035412697452246726,0.10403630091623978,1
0.04367564150343124,0.03195397175020432,0.09295170412564749,1
0.03579478570395461,0.024656133101194484,0.07807759944560838,1
0.03852523529924791,0.01797641148846868,0.09371856231197427,1
0.04612517468644938,0.030555561899177623,0.09832422174231553,1
0.04034105813578398,0.01744967133711537,0.0921262037794495,1
0.04744160739297707,0.03684532450010155,0.1067156570292563,1
0.04063428582009319,0.03129605155418774,0.09720720613513908,1
0.04728983529941119,0.033397182291506004,0.10087260208884208,1
0.03335180515002459,0.02377691851850533,0.08001091286307505,1
0.042028605246009376,0.05286952396835329,0.1029728721553234,1
0.03421663447777835,0.03599322533898013,0.10176083062491598,1
0.024244584528737095,0.02636881854817211,0.09346742384349117,1
0.009945667699517944,1.168730445221082e-07,0.014063843814362575,1
0.03645139522885852,0.03199460066591897,0.13111540143007766,1
0.028020816957625483,0.023630820029565763,0.11559976429563357,1
0.02809180607036132,0.0236840121456781,0.11572346378626942,1
0.030596251349357045,0.03489101522575275,0.10308006776574428,1
0.04831361273968456,0.056227530102949876,0.1303599453252247,1
0.037245046041589375,0.022797054406014476,0.11600747358851835,1
0.0398687501727016,0.029306711196250144,0.12817185549324223,1
0.023136857124330237,0.004947289391203831,0.03792262701585024,1
0.04068866683075433,0.04190506848114083,0.11003941009061,1
0.04924857247006485,0.0443505938215134,0.12235099137479907,1
0.04725716048782985,0.04406096665103915,0.09353880194174598,1
0.04171237723441611,0.033751844883427626,0.09916273254700732,1
0.04168826730918339,0.028038873559223777,0.08897432625049322,1
0.036843053158166196,0.013551175675598529,0.06599168239640373,1
0.0401909747342844,0.021685047908847788,0.07747970849199064,1
0.037831097187074884,0.018140603627598933,0.0751046417233031,1
0.04426076462248857,0.02401708092919948,0.07933698568747607,1
0.04472165470392962,0.03027850338951761,0.09403180112003211,1
0.04428845807543328,0.029736355000551485,0.09753950362301302,1
0.052988298377760534,0.04881424071469882,0.11462236764592512,1
0.04316694770892077,0.024793582610224258,0.1084594491747638,1
0.046122054509885636,0.023696780337812928,0.11572746924167858,1
0.027106991724411087,0.00621335396553428,0.03560137400725442,1
0.046157186411909704,0.02373137138182527,0.11581528880860101,1
0.02711096677752286,0.006269969234543155,0.03556484212306227,1
0.05153044467379052,0.03152544536482078,0.13056648015002703,1
0.03826569715317938,0.02591665865390972,0.11929109822264347,1
0.028945151678705067,0.011858029311907544,0.06597549876060395,1
0.03970047730645251,0.03256133072089523,0.09886887599512881,1
0.04530052237886672,0.037430414817484894,0.10686719700357687,1
0.04721265898729183,0.04511484169176594,0.13892126194626778,1
0.02738226305192555,0.010727768221672448,0.06264751376911205,1
0.0384578734210737,0.02579486536687861,0.11984984778228373,1
0.03192120403459644,0.014549335577523982,0.07886560608430859,1
0.049693583784587304,0.042850491142341664,0.12365588414768468,1
0.023011115343994724,0.013628026645500446,0.07395242555374412,1
0.02895877853349558,0.028000367210128115,0.11960261213870561,1
0.035101954928896534,0.02589101389717264,0.11643062494599388,1
0.019341256013261338,0.006730919036799187,0.053378900453616006,1
0.03635677819928393,0.030215942014200612,0.13144265449020207,1
0.027030043622105697,0.01602692009308337,0.08339346415279052,1
0.04585425643902726,0.0499930427373369,0.14467463603062022,1
0.05143750444947881,0.044912559330275534,0.14094316144276722,1
0.0403704524678709,0.023974492280994013,0.11654383368406741,1
0.028034213351523198,0.008646266020140595,0.052457842020386634,1
0.04373166691684328,0.02314257709671478,0.11291167496709086,1
0.031328997490123266,0.012258240344387545,0.06532854872945354,1
0.028365558757833278,0.011032608408223532,0.05889868059016667,1
0.03958732484514722,0.023810082863018073,0.11395767784299603,1
0.025891586327471242,0.011081757019226425,0.0637849526357515,1
0.03609175268214372,0.02861956135997657,0.12722571163177723,1
0.04773338407800774,0.05362091709354477,0.10634445492300772,1
0.043997068852187446,0.04650530891568355,0.09656172542442927,1
0.04394226947004967,0.04412510675246235,0.09897947220897842,1
0.037526658054000156,0.034611934249290224,0.1009416403037983,1
0.04338958956097183,0.03973267024942082,0.10685230686726795,1
0.04616421922896697,0.036705037957002314,0.10909800940448472,1
0.03739684112507104,0.03224312279847838,0.09571012396869844,1
0.03724953898781502,0.03154381908050151,0.09308548900103424,1
0.04986465058924313,0.03794392833127829,0.10702440793706657,1
0.04373269716166457,0.03189683838268366,0.09749564003352088,1
0.025014248052583007,0.008255789070938237,0.05562065009587367,1
0.0488128998714209,0.05970890891317943,0.129254765849478,1
0.03764570853635235,0.03413713197514111,0.10298031839483766,1
0.050437082929007594,0.043948208436143714,0.126386837922315,1
0.047339194765312315,0.034211134719835,0.09999425962788125,1
0.04123260107580546,0.023198100309116308,0.09461689720640735,1
0.03730518746910359,0.021843407367069818,0.07672121120863724,1
0.040214109877358996,0.023965053462042116,0.07791026639559309,1
0.04122474952202702,0.03628153327688233,0.10519911466193668,1
0.0383098976891014,0.034699632456548314,0.09833502981265531,1
0.035111409132914474,0.016364964509804465,0.09300456133715697,1
0.04568520217762773,0.03014941755246413,0.12461973338599855,1
0.0334328832382586,0.02400000082920453,0.07997425327873002,1
0.04265501976829627,0.03309029537476185,0.09345409945397382,1
0.04017822629946385,0.028366647011290894,0.09142510210419715,1
0.04220983949732208,0.030381262701739475,0.09574294425391733,1
0.042982243801699724,0.034540823928203054,0.10301384330568722,1
0.03592828639918717,0.03202091456899254,0.08558838162228982,1
0.0457405424339761,0.013916172058668122,0.08569302881230985,1
0.03898555068604926,0.005960772053123181,0.05382778784537181,1
0.040250268496640845,0.009043942773802022,0.053956280981069624,1
0.039075509894896054,0.004927798178512572,0.054366286185485446,1
0.042418187190959585,0.009334961447631695,0.06962742771204244,1
0.043086717450120826,0.011080483269525519,0.07046751188203948,1
0.0399552619663727,0.013955140295946586,0.06216899568668577,1
0.039149746778111665,0.010596574720941354,0.06292822338138347,1
0.05229925001693857,0.03444533842644619,0.09665974452885803,1
0.04721065878122742,0.022615955427373737,0.08302058485094692,1
0.04032310927328883,0.01941913204393693,0.0706579782731835,1
0.044594436028980375,0.01944716480554093,0.07426720083440973,1
0.05248266876766386,0.0395101694850694,0.09017537502693439,1
0.03818406859778572,0.018012312105406245,0.07514277308904693,1
0.044851508119969866,0.020404800866123826,0.07692553904605899,1
0.046700320005403986,0.021329719189606126,0.07683392424317063,1
0.055904013797858636,0.035241424145088254,0.10352102031008882,1
0.03750964953857822,0.014299316008246427,0.06637715392711856,1
0.03238944520997575,0.003976523026690813,0.04508026600497757,1
0.041548943838901724,0.01399746586792496,0.06464855173241603,1
0.037589681236991336,0.00872598190523025,0.05007335742221176,1
0.03344754818524866,0.0016872247690875094,0.04718127517862579,1
0.043764007554435116,0.015510120294714545,0.08169141702468515,1
0.0401247914925444,0.0060364276893071795,0.055373595616202774,1
0.04036761164736951,0.00988497903807248,0.06626074218687872,1
0.032119196925772135,0.006503964006271331,0.04352068488865567,1
0.04673472659554411,0.021116696599690586,0.07717411777499228,1
0.03623378039936725,0.012608798632447285,0.05639300380640529,1
0.046435765938776415,0.021088102370583506,0.0770244296022307,1
0.03621711356520233,0.01245641361703621,0.056440951078981914,1
0.04626490337713745,0.027301224404183252,0.08189336508091352,1
0.03627756009635749,0.013819422226048608,0.06525167617525522,1
0.035686704445100983,0.006266527900303751,0.0488797277206669,1
0.03550529783286928,0.005133411178846168,0.04911097966782895,1
0.03823066096754238,0.011461634937367212,0.0601184121068099,1
0.03938936244542551,0.01486258511991183,0.06047898898523487,1
0.04401828942376171,0.014262233472869914,0.08176219596866173,1
0.04337212620307124,0.014971205168455876,0.07992633452718127,1
0.04177239686027536,0.015344152005705403,0.07755228943586215,1
0.043630096923041595,0.015811672092122458,0.08126827410255416,1
0.04446371088286333,0.012453394288121379,0.08335595183325822,1
0.040220598653591184,0.010891900024748213,0.0657201071064845,1
0.05653144572110454,0.029266812497742038,0.12824638867991411,1
0.036103929422319374,0.00856077024186542,0.05925245381371871,1
0.05188395844774084,0.019702684233545247,0.1072031986917504,1
0.05190939047151928,0.01971916218112558,0.10715701103824563,1
0.042516619975705675,0.006412598563313074,0.07193901733473085,1
0.048764593986328646,0.010484826971945145,0.08120924201524835,1
0.038939646675282144,0.003718501744486353,0.05455580075117019,1
0.03782751003215741,0.011948878823269934,0.05941110823173664,1
0.04625224250461318,0.02320956930209039,0.07975578175940738,1
0.04161913280014015,0.018998361062655737,0.08343357179583455,1
0.05766525197284391,0.04229455046967279,0.11022757895272914,1
0.042974328504011665,0.015878086781150897,0.06588819279649655,1
0.03751836881699548,0.010039557901405616,0.048950614256790315,1
0.04829064785883445,0.01858890229544649,0.07275071886783904,1
0.03873167766861698,0.014369020047450382,0.05965273735983554,1
0.04806372549887335,0.024663717468011034,0.08024136908257769,1
0.05209667395164931,0.028095748066124495,0.09478435694876806,1
0.05210887405203316,0.027315348423639866,0.09086795162282028,1
0.051615716530035514,0.030773355963680523,0.10207387013525596,1
0.04515061089313238,0.0252267716110934,0.09515197766984691,1
0.036253922859429924,0.008369495186594317,0.04820058480624572,1
0.04689846763370851,0.015110167761042218,0.08828891178457594,1
0.044419240397529224,0.00923124837745472,0.08582851580578622,1
0.05311869202280606,0.020308015317655605,0.10747829299580013,1
0.03860280137784034,4.0611053773682624e-05,0.05459254398556854,1
0.045640835733676464,0.009840121103441339,0.08816286044722958,1
0.04377987224901815,0.01327647736186976,0.08287585751447207,1
0.04203917657624539,0.012030235940525012,0.07975191783378076,1
0.05018613642316407,0.024452704038865767,0.09611543450690667,1
0.047906465075598495,0.02804097254535959,0.08524632698505727,1
0.050283323853790134,0.02367662873878184,0.11606312209632817,1
0.04713442461407114,0.021352700202002174,0.11437457286344113,1
0.055195700795875796,0.025401832148736023,0.11796851697091071,1
0.053276412862837005,0.02553162093931438,0.11260268874888198,1
0.03587513015786729,0.00934831799351789,0.05867424373535774,1
0.04852576391813921,0.01561006008030228,0.09059616735759331,1
0.043441874028627765,0.010640052547080323,0.07132186463160209,1
0.05135436868056173,0.021681530263645277,0.11263320218883904,1
0.0377263191298006,0.0037351558238624587,0.05243033936649534,1
0.05218345974672291,0.021548674715102755,0.11437205972397164,1
0.032486515423246445,0.008290758707113438,0.05296416030664924,1
0.04853782210434499,0.02289632843036218,0.11293899378510511,1
0.04295588653095544,0.009772885065888057,0.07053179040908912,1
0.047117951392495194,0.01425276300944719,0.0872410815610812,1
0.05301341463338475,0.02779315734230251,0.10940783102232786,1
0.03526659345008972,0.009317842131310818,0.057657056524369144,1
0.05131080325246856,0.01786220890411623,0.09537899961318047,1
0.04531148263197035,0.010426085672096571,0.07454395827516225,1
0.04779146443197099,0.024929282241245097,0.11810469730077464,1
0.05042895216842503,0.02102456867528423,0.11030833335491524,1
0.04465846794705744,0.02095915349199854,0.07576295306083061,1
0.04556427464391252,0.021484309840398993,0.07642045594301429,1
0.04487492196666054,0.024743547201725963,0.08046150618650365,1
0.0366683177388265,0.013526755761168748,0.06541596138371487,1
0.03756542330002264,0.01200847666317694,0.05888683811832742,1
0.037831124177632534,0.01302124555369256,0.05936696451862181,1
0.045192427605971544,0.013466926958825827,0.08478699651568118,1
0.04226012760857346,0.013957014118880447,0.07932644923239963,1
0.03350441729873524,0.009328136927533948,0.06346367845140964,1
0.05103087790287143,0.027067412976834144,0.12394861266076583,1
0.03985910979403371,0.007867530755786514,0.054113652985595034,1
0.03635676192124777,0.0033662894163433224,0.05091855588421848,1
0.03555202769071237,0.005361066801405926,0.04912148280985922,1
0.045160482991861116,0.014033588186292367,0.07095708765209566,1
0.045231113398827,0.014844283928796687,0.07092788682698409,1
0.03709876304277328,0.009921492547558362,0.048549493736937066,1
0.04069778992183928,0.0058578568107247,0.056345861796947457,1
0.04108588540267453,0.008571255864407679,0.0555166320234609,1
0.035547394826503126,0.0034091654513177362,0.049796245836735725,1
0.03319642294870847,0.0013549451987739907,0.04686852610754585,1
0.047631822137050445,0.01695731216714836,0.07321021182735082,1
0.047029455466484765,0.012794472245861433,0.0762944665164637,1
0.047600899137440734,0.012658794085913942,0.0776721539937569,1
0.046853905898371906,0.010978712322626115,0.07723032024678375,1
0.03823541902939563,0.007293840672515794,0.05205866125318306,1
0.04115977424771172,0.005614704472904864,0.05710918106631319,1
0.03988981000635095,0.001315424049527199,0.05634849992204541,1
0.03529680232145351,0.002250253567968353,0.04971376026203598,1
0.034975090788138354,0.004700345515322162,0.048541054284797366,1
0.04545906627108472,0.011487338656490612,0.07457398217393758,1
0.05151201775325443,0.018018571819254356,0.09585044592886988,1
0.04185266629120778,0.004803186754839644,0.05839902050588574,1
0.04030736254783836,0.005671280817533491,0.055857166531395344,1
0.04543388312546484,0.008309756710796774,0.0762979809949103,1
0.039424060603888,0.005133859615965919,0.054796442187266606,1
0.03923325150255064,0.0009298730054908045,0.05545233211650339,1
0.04683004672131639,0.010461433029055056,0.07694383057717454,1
0.045328779337670995,0.012506163210285462,0.07362819531805145,1
0.037967344162005603,0.005613294610754431,0.052504045718887664,1
0.045183232556486534,0.009315374284438798,0.07540588555850469,1
0.04535855229069823,0.010535513688473603,0.07524010331598092,1
0.05188455577745161,0.015622452416953078,0.09770447411788455,1
0.03997730399336976,0.005062020066279585,0.05562189203057098,1
0.0512809194492835,0.014742654266928275,0.09496838078258414,1
0.04096017595839371,0.002781534367149113,0.05763458508147746,1
0.039986798975510336,0.003463781762586753,0.05611222327580283,1
0.03846142405521702,0.0035845049369509405,0.0539137906901859,1
0.037154503624204575,0.0012825344489706125,0.05248035966060569,1
0.04131261558979034,0.001387162049853853,0.0583471026324699,1
0.04224831630346211,0.008255791455122497,0.057420910992839504,1
0.051008718139119065,0.014677944769780543,0.09598076883035685,1
0.04878684594914876,0.01114003977489238,0.08111727940726675,1
0.038850068907981594,0.0003503585777905732,0.0549374404613212,1
0.048064326509956665,0.01162051644261644,0.07897308996679904,1
0.047697753909539564,0.012566187927690079,0.07780073164914279,1
0.039752503128169935,0.005198995967665796,0.0551752546731706,1
0.0458920694761897,0.011457692179944827,0.07549127634142362,1
0.0356966958005322,0.002532656760763761,0.05022304326857893,1
0.03674269665341193,0.003977762369971651,0.05134684697695574,1
0.04835805193597531,0.01351453457556309,0.07832342536276907,1
0.048115258715276485,0.011133892356332421,0.07915679255368709,1
